headline,link
धनगढीका नयाँ उम्मेदवारसँग मतदाताका पुरानै माग,"<a data-type=""title"" href=""https://ekantipur.com/politics/2026/01/27/voters-old-demands-from-dhangadhis-new-candidate-14-20.html"" onclick=""gaEvent('Kantipur Top News','Clicked','धनगढीका नयाँ उम्मेदवारसँग मतदाताका पुरानै माग')"">धनगढीका नयाँ उम्मेदवारसँग मतदाताका पुरानै माग</a>"
"सुन र अमेरिकी डलरको मूल्य हरेक दिन नयाँ उचाइमा, किन ?","<a data-type=""title"" href=""https://ekantipur.com/business/2026/01/27/gold-and-us-dollar-prices-reach-new-highs-every-day-why-43-54.html"" onclick=""gaEvent('Kantipur Top News','Clicked','सुन र अमेरिकी डलरको मूल्य हरेक दिन नयाँ उचाइमा, किन ?')"">सुन र अमेरिकी डलरको मूल्य हरेक दिन नयाँ उचाइमा, किन ?</a>"
समग्रमा ३ लाख ३७ हजार सुरक्षाकर्मी परिचालन गरिँदै,"<a data-type=""title"" href=""https://ekantipur.com/news/2026/01/27/a-total-of-337000-security-personnel-are-being-mobilized-46-47.html"" onclick=""gaEvent('Kantipur Top News','Clicked','समग्रमा ३ लाख ३७ हजार सुरक्षाकर्मी परिचालन गरिँदै')"">समग्रमा ३ लाख ३७ हजार सुरक्षाकर्मी परिचालन गरिँदै</a>"
रोकियो नेपालको यात्रा,"<a data-type=""title"" href=""https://ekantipur.com/sports/2026/01/27/nepal-trip-halted-14-31.html"" onclick=""gaEvent('Kantipur Top News','Clicked','रोकियो नेपालको यात्रा')"">रोकियो नेपालको यात्रा</a>"
बागलुङका ‘ब्रान्ड’ चित्रबहादुर,"<a data-type=""title"" href=""https://ekantipur.com/politics/2026/01/27/chitra-bahadur-the-brand-of-baglung-03-14.html"" onclick=""gaEvent('Kantipur Top News','Clicked','बागलुङका ‘ब्रान्ड’ चित्रबहादुर')"">बागलुङका ‘ब्रान्ड’ चित्रबहादुर</a>"
"प्रमुख दलहरूले लोपोन्मुख समुदायका उम्मेदवार रोजेनन्, अन्य दलबाट ३ जना","<a data-type=""title"" href=""https://ekantipur.com/politics/2026/01/27/major-parties-did-not-select-candidates-from-endangered-communities-3-from-other-parties-55-05.html"" onclick=""gaEvent('Kantipur Top News','Clicked','प्रमुख दलहरूले लोपोन्मुख समुदायका उम्मेदवार रोजेनन्, अन्य दलबाट ३ जना')"">प्रमुख दलहरूले लोपोन्मुख समुदायका उम्मेदवार रोजेनन्, अन्य दलबाट ३ जना</a>"
लगानी प्रतिबद्धता ५२ प्रतिशतले बढ्यो,"<a data-type=""title"" href=""https://ekantipur.com/business/2026/01/27/investment-commitments-increased-by-52-percent-48-05.html"" onclick=""gaEvent('Kantipur Top News','Clicked','लगानी प्रतिबद्धता ५२ प्रतिशतले बढ्यो')"">लगानी प्रतिबद्धता ५२ प्रतिशतले बढ्यो</a>"
राइड सेयरिङ कम्पनी इन्ड्राइभले चालकलाई सुरक्षा तालिम दियो ,"<a href=""https://ekantipur.com/Other/2026/01/22/ride-sharing-company-indrive-provides-safety-training-to-drivers-50-05.html"">राइड सेयरिङ कम्पनी इन्ड्राइभले चालकलाई सुरक्षा तालिम दियो </a>"
"गण्डकी, कर्णाली र सुदूरपश्चिमका उच्च पहाडी भूभागमा आंशिक वर्षाको सम्भावना","<a href=""https://ekantipur.com/news/2026/01/27/possibility-of-partial-rain-in-the-high-hilly-areas-of-gandaki-karnali-and-sudurpaschim-23-30.html"" onclick=""gaEvent('Homepage Category','समाचार','गण्डकी, कर्णाली र सुदूरपश्चिमका उच्च पहाडी भूभागमा आंशिक वर्षाको सम्भावना');"">गण्डकी, कर्णाली र सुदूरपश्चिमका उच्च पहाडी भूभागमा आंशिक वर्षाको सम्भावना</a>"
गैंडाको आक्रमणबाट घाइते अशोकको उपचारका क्रममा निधन,"<a href=""https://ekantipur.com/news/2026/01/27/ashok-injured-in-rhino-attack-dies-during-treatment-24-09.html"" onclick=""gaEvent('Homepage Category','समाचार','गैंडाको आक्रमणबाट घाइते अशोकको उपचारका क्रममा निधन');"">गैंडाको आक्रमणबाट घाइते अशोकको उपचारका क्रममा निधन</a>"
काठमाडौंस्थित भारतीय दूतावासमा गणतन्त्र दिवस मनाइयो,"<a href=""https://ekantipur.com/news/2026/01/27/republic-day-celebrated-at-the-indian-embassy-in-kathmandu-06-42.html"" onclick=""gaEvent('Homepage Category','समाचार','काठमाडौंस्थित भारतीय दूतावासमा गणतन्त्र दिवस मनाइयो');"">काठमाडौंस्थित भारतीय दूतावासमा गणतन्त्र दिवस मनाइयो</a>"
निर्वाचनमा कुनै पनि सुरक्षा कमजोरी सह्य हुँदैन : महानिरीक्षक अर्याल,"<a href=""https://ekantipur.com/news/2026/01/26/no-security-lapses-will-be-tolerated-in-elections-inspector-general-aryal-22-39.html"" onclick=""gaEvent('Homepage Category','समाचार','निर्वाचनमा कुनै पनि सुरक्षा कमजोरी सह्य हुँदैन : महानिरीक्षक अर्याल');"">निर्वाचनमा कुनै पनि सुरक्षा कमजोरी सह्य हुँदैन : महानिरीक्षक अर्याल</a>"
"सर्वोच्च अदालतमा विचाराधीन संसद् विघटनको मुद्दामा लिखित जवाफ पेस भए, कहिले हुन्छ सुनुवाइ ?","<a href=""https://ekantipur.com/news/2026/01/26/when-will-the-supreme-court-hear-the-case-of-dissolution-of-parliament-if-a-written-response-is-submitted-29-00.html"" onclick=""gaEvent('Homepage Category','समाचार','सर्वोच्च अदालतमा विचाराधीन संसद् विघटनको मुद्दामा लिखित जवाफ पेस भए, कहिले हुन्छ सुनुवाइ ?');"">सर्वोच्च अदालतमा विचाराधीन संसद् विघटनको मुद्दामा लिखित जवाफ पेस भए, कहिले हुन्छ सुनुवाइ ?</a>"
घुन्साका मतदाता फागुन दोस्रो साता गाउँ फर्किने अपेक्षा,"<a href=""https://ekantipur.com/koshi-pradesh/2026/01/26/ghunsa-voters-expected-to-return-to-village-in-second-week-of-falgun-43-46.html"" onclick=""gaEvent('Homepage Category','कोशी','घुन्साका मतदाता फागुन दोस्रो साता गाउँ फर्किने अपेक्षा');"">घुन्साका मतदाता फागुन दोस्रो साता गाउँ फर्किने अपेक्षा</a>"
आचारसंहिता उल्लघंन आरोपमा एमाले उम्मेदवार राईलाई मुख्य निर्वाचन अधिकृतको कार्यालयले सचेत गरायो,"<a href=""https://ekantipur.com/koshi-pradesh/2026/01/26/the-chief-electoral-officers-office-has-warned-uml-candidate-rai-for-violating-the-code-of-conduct-10-39.html"" onclick=""gaEvent('Homepage Category','कोशी','आचारसंहिता उल्लघंन आरोपमा एमाले उम्मेदवार राईलाई मुख्य निर्वाचन अधिकृतको कार्यालयले सचेत गरायो');"">आचारसंहिता उल्लघंन आरोपमा एमाले उम्मेदवार राईलाई मुख्य निर्वाचन अधिकृतको कार्यालयले सचेत गरायो</a>"
पाथीभरामा केवलकार निर्माण रोक्न माग गर्दै धनकुटामा विरोध,"<a href=""https://ekantipur.com/koshi-pradesh/2026/01/26/protest-in-dhankuta-demanding-to-stop-cable-car-construction-in-pathibhara-19-26.html"" onclick=""gaEvent('Homepage Category','कोशी','पाथीभरामा केवलकार निर्माण रोक्न माग गर्दै धनकुटामा विरोध');"">पाथीभरामा केवलकार निर्माण रोक्न माग गर्दै धनकुटामा विरोध</a>"
अनमोल ज्वेलर्सबाट हराएको २० तोला चाँदीसहित एक जना पक्राउ,"<a href=""https://ekantipur.com/koshi-pradesh/2026/01/26/one-arrested-with-20-tolas-of-silver-missing-from-anmol-jewelers-10-59.html"" onclick=""gaEvent('Homepage Category','कोशी','अनमोल ज्वेलर्सबाट हराएको २० तोला चाँदीसहित एक जना पक्राउ');"">अनमोल ज्वेलर्सबाट हराएको २० तोला चाँदीसहित एक जना पक्राउ</a>"
धनकुटा कारागारका कैदीबन्दीको क्षयरोग परीक्षण,"<a href=""https://ekantipur.com/koshi-pradesh/2026/01/25/tuberculosis-testing-of-dhankuta-prison-inmates-57-46.html"" onclick=""gaEvent('Homepage Category','कोशी','धनकुटा कारागारका कैदीबन्दीको क्षयरोग परीक्षण');"">धनकुटा कारागारका कैदीबन्दीको क्षयरोग परीक्षण</a>"
संखुवासभामा जिप दुर्घटना : मृतकमध्ये एक जनाको पहिचान खुल्यो [अपडेट],"<a href=""https://ekantipur.com/koshi-pradesh/2026/01/25/jeep-accident-in-sankhuwasabha-identity-of-one-of-the-deceased-revealed-update-51-52.html"" onclick=""gaEvent('Homepage Category','कोशी','संखुवासभामा जिप दुर्घटना : मृतकमध्ये एक जनाको पहिचान खुल्यो [अपडेट]');"">संखुवासभामा जिप दुर्घटना : मृतकमध्ये एक जनाको पहिचान खुल्यो [अपडेट]</a>"
सिरहामा पोष्टमार्टमका लागि लगिएको युवतीको शव अस्पतालबाटै गायब,"<a href=""https://ekantipur.com/madhesh-pradesh/2026/01/26/body-of-young-woman-taken-for-postmortem-in-siraha-disappears-from-hospital-38-26.html"" onclick=""gaEvent('Homepage Category','मधेश','सिरहामा पोष्टमार्टमका लागि लगिएको युवतीको शव अस्पतालबाटै गायब');"">सिरहामा पोष्टमार्टमका लागि लगिएको युवतीको शव अस्पतालबाटै गायब</a>"
रिलायन्स सुगर मिलले चर्को ढुवानी भाडा लिएको किसानको आरोप,"<a href=""https://ekantipur.com/madhesh-pradesh/2026/01/26/farmers-allege-reliance-sugar-mills-charging-exorbitant-transportation-fees-24-27.html"" onclick=""gaEvent('Homepage Category','मधेश','रिलायन्स सुगर मिलले चर्को ढुवानी भाडा लिएको किसानको आरोप');"">रिलायन्स सुगर मिलले चर्को ढुवानी भाडा लिएको किसानको आरोप</a>"
भारतीय महावाणिज्य दूतावासमा गणन्त्र दिवस मनाइयो,"<a href=""https://ekantipur.com/madhesh-pradesh/2026/01/26/republic-day-celebrated-at-the-indian-consulate-general-56-13.html"" onclick=""gaEvent('Homepage Category','मधेश','भारतीय महावाणिज्य दूतावासमा गणन्त्र दिवस मनाइयो');"">भारतीय महावाणिज्य दूतावासमा गणन्त्र दिवस मनाइयो</a>"
गोदामबाट ३० लाखको अवैध सामान बरामद,"<a href=""https://ekantipur.com/madhesh-pradesh/2026/01/26/illegal-goods-worth-3-million-seized-from-warehouse-56-05.html"" onclick=""gaEvent('Homepage Category','मधेश','गोदामबाट ३० लाखको अवैध सामान बरामद');"">गोदामबाट ३० लाखको अवैध सामान बरामद</a>"
पाँच वर्ष कैद सजाय तोकिएका सिंह पक्राउ,"<a href=""https://ekantipur.com/madhesh-pradesh/2026/01/25/singh-sentenced-to-five-years-in-prison-arrested-35-05.html"" onclick=""gaEvent('Homepage Category','मधेश','पाँच वर्ष कैद सजाय तोकिएका सिंह पक्राउ');"">पाँच वर्ष कैद सजाय तोकिएका सिंह पक्राउ</a>"
त्रिशूली नदी किनारमा गणपति डिलक्सबाट मानव अवशेष भेटियो,"<a href=""https://ekantipur.com/bagmati-pradesh/2026/01/26/human-remains-found-from-ganapati-deluxe-on-the-banks-of-the-trishuli-river-11-36.html"" onclick=""gaEvent('Homepage Category','बाग्मती','त्रिशूली नदी किनारमा गणपति डिलक्सबाट मानव अवशेष भेटियो');"">त्रिशूली नदी किनारमा गणपति डिलक्सबाट मानव अवशेष भेटियो</a>"
चुरियामाई नजिक डिजेल ट्यांकरमा आगलागी,"<a href=""https://ekantipur.com/bagmati-pradesh/2026/01/26/fire-in-diesel-tanker-near-churiyamai-31-52.html"" onclick=""gaEvent('Homepage Category','बाग्मती','चुरियामाई नजिक डिजेल ट्यांकरमा आगलागी');"">चुरियामाई नजिक डिजेल ट्यांकरमा आगलागी</a>"
"रामेछापमा चुनावी दौड: घरदैलोमा उम्मेदवार, एजेन्डाको होड","<a href=""https://ekantipur.com/bagmati-pradesh/2026/01/26/election-race-in-ramechhap-candidates-go-door-to-door-agendas-clash-21-44.html"" onclick=""gaEvent('Homepage Category','बाग्मती','रामेछापमा चुनावी दौड: घरदैलोमा उम्मेदवार, एजेन्डाको होड');"">रामेछापमा चुनावी दौड: घरदैलोमा उम्मेदवार, एजेन्डाको होड</a>"
सीमा सुरक्षा बैठकमा स्तम्भ संरक्षणदेखि चुनाव सहजीकरणमा चीनको चासो,"<a href=""https://ekantipur.com/bagmati-pradesh/2026/01/26/chinas-interest-in-border-security-meeting-ranges-from-pillar-protection-to-election-facilitation-04-28.html"" onclick=""gaEvent('Homepage Category','बाग्मती','सीमा सुरक्षा बैठकमा स्तम्भ संरक्षणदेखि चुनाव सहजीकरणमा चीनको चासो');"">सीमा सुरक्षा बैठकमा स्तम्भ संरक्षणदेखि चुनाव सहजीकरणमा चीनको चासो</a>"
आलु रोप्न दिनभर खेतबारीमै थाहाका किसान,"<a href=""https://ekantipur.com/bagmati-pradesh/2026/01/26/farmers-spend-all-day-in-the-fields-planting-potatoes-17-16.html"" onclick=""gaEvent('Homepage Category','बाग्मती','आलु रोप्न दिनभर खेतबारीमै थाहाका किसान');"">आलु रोप्न दिनभर खेतबारीमै थाहाका किसान</a>"
ईन्द्रसरोवरमा गाडी खस्यो,"<a href=""https://ekantipur.com/bagmati-pradesh/2026/01/26/car-falls-into-indrasarovar-21-41.html"" onclick=""gaEvent('Homepage Category','बाग्मती','ईन्द्रसरोवरमा गाडी खस्यो');"">ईन्द्रसरोवरमा गाडी खस्यो</a>"
स्कुल बसले किच्दा बालिकाको मृत्यु,"<a href=""https://ekantipur.com/gandaki-pradesh/2026/01/26/girl-dies-after-being-hit-by-school-bus-58-28.html"" onclick=""gaEvent('Homepage Category','गण्डकी','स्कुल बसले किच्दा बालिकाको मृत्यु');"">स्कुल बसले किच्दा बालिकाको मृत्यु</a>"
भारतीय बुवा र नेपाली आमाबाट जन्मेका युवकलाई नेपाली नागरिकता,"<a href=""https://ekantipur.com/gandaki-pradesh/2026/01/25/nepali-citizenship-for-a-young-man-born-to-an-indian-father-and-a-nepali-mother-38-51.html"" onclick=""gaEvent('Homepage Category','गण्डकी','भारतीय बुवा र नेपाली आमाबाट जन्मेका युवकलाई नेपाली नागरिकता');"">भारतीय बुवा र नेपाली आमाबाट जन्मेका युवकलाई नेपाली नागरिकता</a>"
"तनहुँको थर्पुमा भ्यान दुर्घटना, १३ वर्षीया बालिकाको मृत्यु","<a href=""https://ekantipur.com/gandaki-pradesh/2026/01/25/van-accident-in-tharpu-tanahun-13-year-old-girl-dies-07-07.html"" onclick=""gaEvent('Homepage Category','गण्डकी','तनहुँको थर्पुमा भ्यान दुर्घटना, १३ वर्षीया बालिकाको मृत्यु');"">तनहुँको थर्पुमा भ्यान दुर्घटना, १३ वर्षीया बालिकाको मृत्यु</a>"
गोरखा नगरपालिका मेयर कप फुटबल प्रतियोगिता सुरु,"<a href=""https://ekantipur.com/gandaki-pradesh/2026/01/24/gorkha-municipality-mayors-cup-football-tournament-begins-36-38.html"" onclick=""gaEvent('Homepage Category','गण्डकी','गोरखा नगरपालिका मेयर कप फुटबल प्रतियोगिता सुरु');"">गोरखा नगरपालिका मेयर कप फुटबल प्रतियोगिता सुरु</a>"
लमजुङमा दुईपटक म्याद थपेर निर्वाचन प्रहरी भर्ना,"<a href=""https://ekantipur.com/gandaki-pradesh/2026/01/24/election-police-recruitment-in-lamjung-extended-twice-32-15.html"" onclick=""gaEvent('Homepage Category','गण्डकी','लमजुङमा दुईपटक म्याद थपेर निर्वाचन प्रहरी भर्ना');"">लमजुङमा दुईपटक म्याद थपेर निर्वाचन प्रहरी भर्ना</a>"
तनहुँमा मिनी ट्रकको ठक्करबाट पैदल यात्रीको मृत्यु,"<a href=""https://ekantipur.com/gandaki-pradesh/2026/01/24/pedestrian-dies-after-being-hit-by-mini-truck-in-tanahun-08-08.html"" onclick=""gaEvent('Homepage Category','गण्डकी','तनहुँमा मिनी ट्रकको ठक्करबाट पैदल यात्रीको मृत्यु');"">तनहुँमा मिनी ट्रकको ठक्करबाट पैदल यात्रीको मृत्यु</a>"
अर्थतन्त्रलाई मजबुत बनाउने मुख्य आधार नै स्थानीय उत्पादन : मुख्यमन्त्री आचार्य,"<a href=""https://ekantipur.com/lumbini-pradesh/2026/01/26/local-production-is-the-main-basis-for-strengthening-the-economy-chief-minister-acharya-43-59.html"" onclick=""gaEvent('Homepage Category','लुम्बिनी','अर्थतन्त्रलाई मजबुत बनाउने मुख्य आधार नै स्थानीय उत्पादन : मुख्यमन्त्री आचार्य');"">अर्थतन्त्रलाई मजबुत बनाउने मुख्य आधार नै स्थानीय उत्पादन : मुख्यमन्त्री आचार्य</a>"
कान्तिपुरकर्मी पौडेल सम्मानित,"<a href=""https://ekantipur.com/lumbini-pradesh/2026/01/26/kantipur-journalist-poudel-honored-37-21.html"" onclick=""gaEvent('Homepage Category','लुम्बिनी','कान्तिपुरकर्मी पौडेल सम्मानित');"">कान्तिपुरकर्मी पौडेल सम्मानित</a>"
किवी खेतीमा भार्सेलीको आकर्षण,"<a href=""https://ekantipur.com/lumbini-pradesh/2026/01/26/varselis-attraction-to-kiwi-farming-12-01.html"" onclick=""gaEvent('Homepage Category','लुम्बिनी','किवी खेतीमा भार्सेलीको आकर्षण');"">किवी खेतीमा भार्सेलीको आकर्षण</a>"
"सहकारीमा ५ दिनदेखि तालाबन्दी, बचत डुब्ने चिन्ता","<a href=""https://ekantipur.com/lumbini-pradesh/2026/01/26/members-lock-out-cooperatives-fear-savings-will-be-lost-47-23.html"" onclick=""gaEvent('Homepage Category','लुम्बिनी','सहकारीमा ५ दिनदेखि तालाबन्दी, बचत डुब्ने चिन्ता');"">सहकारीमा ५ दिनदेखि तालाबन्दी, बचत डुब्ने चिन्ता</a>"
पाल्पामा प्रत्येक वर्ष भेटिन्छन् कुष्ठरोगी,"<a href=""https://ekantipur.com/lumbini-pradesh/2026/01/26/leprosy-patients-are-found-every-year-in-palpa-46-47.html"" onclick=""gaEvent('Homepage Category','लुम्बिनी','पाल्पामा प्रत्येक वर्ष भेटिन्छन् कुष्ठरोगी');"">पाल्पामा प्रत्येक वर्ष भेटिन्छन् कुष्ठरोगी</a>"
बर्दिया हुँदै बालेन आज सुदूरपश्चिम जाने,"<a href=""https://ekantipur.com/lumbini-pradesh/2026/01/26/balen-to-sudurpaschim-via-bardiya-today-51-03.html"" onclick=""gaEvent('Homepage Category','लुम्बिनी','बर्दिया हुँदै बालेन आज सुदूरपश्चिम जाने');"">बर्दिया हुँदै बालेन आज सुदूरपश्चिम जाने</a>"
डोजरले हिउँ पन्छाएर खुलाइयो नाग्म–गमगडी सडक,"<a href=""https://ekantipur.com/karnali-pradesh/2026/01/27/nagam-gamgadi-road-cleared-of-snow-with-dozers-54-15.html"" onclick=""gaEvent('Homepage Category','कर्णाली','डोजरले हिउँ पन्छाएर खुलाइयो नाग्म–गमगडी सडक');"">डोजरले हिउँ पन्छाएर खुलाइयो नाग्म–गमगडी सडक</a>"
"हिमपातले बाटो बन्द, कसरी फर्किन्छन् मतदाता ?","<a href=""https://ekantipur.com/karnali-pradesh/2026/01/26/roads-closed-due-to-snowfall-how-will-voters-return-31-24.html"" onclick=""gaEvent('Homepage Category','कर्णाली','हिमपातले बाटो बन्द, कसरी फर्किन्छन् मतदाता ?');"">हिमपातले बाटो बन्द, कसरी फर्किन्छन् मतदाता ?</a>"
"पोल गाडेको वर्ष बित्यो, बलेन बत्ती","<a href=""https://ekantipur.com/karnali-pradesh/2026/01/26/a-year-has-passed-since-the-pole-was-buried-but-the-lamp-has-not-been-lit-36-51.html"" onclick=""gaEvent('Homepage Category','कर्णाली','पोल गाडेको वर्ष बित्यो, बलेन बत्ती');"">पोल गाडेको वर्ष बित्यो, बलेन बत्ती</a>"
हिमाली पालिकाका उपाध्यक्ष भन्छन्- 'तराजुले ताैलेझैं समान व्यवहार गरेका छाैं',"<a href=""https://ekantipur.com/karnali-pradesh/2026/01/26/the-vice-chairman-of-the-himali-municipality-says-we-have-treated-each-other-equally-like-the-scales-39-21.html"" onclick=""gaEvent('Homepage Category','कर्णाली','हिमाली पालिकाका उपाध्यक्ष भन्छन्- 'तराजुले ताैलेझैं समान व्यवहार गरेका छाैं'');"">हिमाली पालिकाका उपाध्यक्ष भन्छन्- 'तराजुले ताैलेझैं समान व्यवहार गरेका छाैं'</a>"
"जुम्लामा चिसो बढ्यो, फुट्न थाले पानीका पाइप","<a href=""https://ekantipur.com/karnali-pradesh/2026/01/26/cold-weather-in-jumla-water-pipes-start-bursting-45-55.html"" onclick=""gaEvent('Homepage Category','कर्णाली','जुम्लामा चिसो बढ्यो, फुट्न थाले पानीका पाइप');"">जुम्लामा चिसो बढ्यो, फुट्न थाले पानीका पाइप</a>"
जुम्लामा ४५३ निर्वाचन प्रहरी वैकल्पिक सूचीमा,"<a href=""https://ekantipur.com/karnali-pradesh/2026/01/26/453-election-policemen-in-jumla-on-alternate-list-27-54.html"" onclick=""gaEvent('Homepage Category','कर्णाली','जुम्लामा ४५३ निर्वाचन प्रहरी वैकल्पिक सूचीमा');"">जुम्लामा ४५३ निर्वाचन प्रहरी वैकल्पिक सूचीमा</a>"
मेलौलीका विद्यालयमा तीन दिन बिदा,"<a href=""https://ekantipur.com/sudurpaschim-pradesh/2026/01/26/three-day-holiday-for-schools-in-melauli-29-43.html"" onclick=""gaEvent('Homepage Category','सुदूरपश्चिम','मेलौलीका विद्यालयमा तीन दिन बिदा');"">मेलौलीका विद्यालयमा तीन दिन बिदा</a>"
डडेल्धुरामा कुष्ठरोगसम्बन्धी अन्तर्क्रिया सम्पन्न,"<a href=""https://ekantipur.com/sudurpaschim-pradesh/2026/01/25/leprosy-related-interaction-held-in-dadeldhura-45-51.html"" onclick=""gaEvent('Homepage Category','सुदूरपश्चिम','डडेल्धुरामा कुष्ठरोगसम्बन्धी अन्तर्क्रिया सम्पन्न');"">डडेल्धुरामा कुष्ठरोगसम्बन्धी अन्तर्क्रिया सम्पन्न</a>"
‘भोट बैंक’ नबन्ने भन्दै चुनाव बहिष्कारको चेतावनी,"<a href=""https://ekantipur.com/sudurpaschim-pradesh/2026/01/25/warning-of-election-boycott-saying-it-will-not-become-a-vote-bank-32-54.html"" onclick=""gaEvent('Homepage Category','सुदूरपश्चिम','‘भोट बैंक’ नबन्ने भन्दै चुनाव बहिष्कारको चेतावनी');"">‘भोट बैंक’ नबन्ने भन्दै चुनाव बहिष्कारको चेतावनी</a>"
राष्ट्रियसभा निर्वाचन: सुदूरपश्चिमबाट भण्डारी र खाती विजयी,"<a href=""https://ekantipur.com/sudurpaschim-pradesh/2026/01/25/national-assembly-election-bhandari-and-khati-win-from-sudurpaschim-21-11.html"" onclick=""gaEvent('Homepage Category','सुदूरपश्चिम','राष्ट्रियसभा निर्वाचन: सुदूरपश्चिमबाट भण्डारी र खाती विजयी');"">राष्ट्रियसभा निर्वाचन: सुदूरपश्चिमबाट भण्डारी र खाती विजयी</a>"
राष्ट्रियसभा निर्वाचनः पालिका र प्रदेशसभाका ४ मतदाता अनुपस्थित,"<a href=""https://ekantipur.com/sudurpaschim-pradesh/2026/01/25/national-assembly-election-4-voters-from-municipal-and-provincial-assemblies-absent-45-41.html"" onclick=""gaEvent('Homepage Category','सुदूरपश्चिम','राष्ट्रियसभा निर्वाचनः पालिका र प्रदेशसभाका ४ मतदाता अनुपस्थित');"">राष्ट्रियसभा निर्वाचनः पालिका र प्रदेशसभाका ४ मतदाता अनुपस्थित</a>"
सुदूरपश्चिममा १८ महिला चुनावी मैदानमा,"<a href=""https://ekantipur.com/sudurpaschim-pradesh/2026/01/25/18-women-in-the-fray-in-the-far-west-02-15.html"" onclick=""gaEvent('Homepage Category','सुदूरपश्चिम','सुदूरपश्चिममा १८ महिला चुनावी मैदानमा');"">सुदूरपश्चिममा १८ महिला चुनावी मैदानमा</a>"
अब कुनै दलसँग एकता गर्दिनँ : कुलमान घिसिङ,"<a href=""https://ekantipur.com/video/2026/01/12/i-will-not-unite-with-any-party-now-kulman-ghising-25-12.html"" onclick=""gaEvent('Homepage Category','भिडियो','अब कुनै दलसँग एकता गर्दिनँ : कुलमान घिसिङ');"">अब कुनै दलसँग एकता गर्दिनँ : कुलमान घिसिङ</a>"
दैलेखमा भेटिएको ग्यासको उत्पादन र वितरण कहिलेबाट होला ?,"<a href=""https://ekantipur.com/video/2025/09/04/from-when-will-the-production-and-distribution-of-the-gas-found-in-dailekh-be-00-38.html"" onclick=""gaEvent('Homepage Category','भिडियो','दैलेखमा भेटिएको ग्यासको उत्पादन र वितरण कहिलेबाट होला ?');"">दैलेखमा भेटिएको ग्यासको उत्पादन र वितरण कहिलेबाट होला ?</a>"
तपाईं सीसीटीभीको निगरानीमा हुनुहुन्छ,"<a href=""https://ekantipur.com/video/2025/09/01/how-are-closed-circuit-cameras-monitoring-the-valley-56-34.html"" onclick=""gaEvent('Homepage Category','भिडियो','तपाईं सीसीटीभीको निगरानीमा हुनुहुन्छ');"">तपाईं सीसीटीभीको निगरानीमा हुनुहुन्छ</a>"
कमजोर पटकथामा अल्झिएको 'माग्ने राजा',"<a href=""https://ekantipur.com/video/2025/08/27/entangled-in-a-weak-screenplay-magne-raja-38-58.html"" onclick=""gaEvent('Homepage Category','भिडियो','कमजोर पटकथामा अल्झिएको 'माग्ने राजा'');"">कमजोर पटकथामा अल्झिएको 'माग्ने राजा'</a>"
त्रिवि क्रिकेट मैदानको पुनर्निर्माण सकिँदै,"<a href=""https://ekantipur.com/video/2025/08/08/the-reconstruction-of-the-trivi-cricket-ground-is-being-completed-57-46.html"" onclick=""gaEvent('Homepage Category','भिडियो','त्रिवि क्रिकेट मैदानको पुनर्निर्माण सकिँदै');"">त्रिवि क्रिकेट मैदानको पुनर्निर्माण सकिँदै</a>"
लुम्बिनी विकास कोषका कर्मचारीहरू किन आन्दोलन गरिरहेका छन् ?,"<a href=""https://ekantipur.com/video/2025/08/05/why-are-lumbini-development-fund-employees-protesting-16-48.html"" onclick=""gaEvent('Homepage Category','भिडियो','लुम्बिनी विकास कोषका कर्मचारीहरू किन आन्दोलन गरिरहेका छन् ?');"">लुम्बिनी विकास कोषका कर्मचारीहरू किन आन्दोलन गरिरहेका छन् ?</a>"
A Health and Nutrition Knowledge Quiz,
पेट्रोलियम पदार्थ आयात बढ्दो,"<a href=""https://ekantipur.com/business/2026/01/27/petroleum-product-imports-are-increasing-28-56.html"" onclick=""gaEvent('Homepage Category','अर्थ / वाणिज्य','पेट्रोलियम पदार्थ आयात बढ्दो');"">पेट्रोलियम पदार्थ आयात बढ्दो</a>"
"डलर महँगिँदा के लाभ, कस्तो नोक्सानी ?","<a href=""https://ekantipur.com/business/2026/01/27/what-are-the-benefits-and-losses-of-the-dollars-appreciation-04-11.html"" onclick=""gaEvent('Homepage Category','अर्थ / वाणिज्य','डलर महँगिँदा के लाभ, कस्तो नोक्सानी ?');"">डलर महँगिँदा के लाभ, कस्तो नोक्सानी ?</a>"
नेपाली रुपैयाँ निरन्तर कमजोर ,"<a href=""https://ekantipur.com/business/2026/01/27/nepalese-rupee-continues-to-weaken-59-47.html"" onclick=""gaEvent('Homepage Category','अर्थ / वाणिज्य','नेपाली रुपैयाँ निरन्तर कमजोर ');"">नेपाली रुपैयाँ निरन्तर कमजोर </a>"
नेपाली बजारमा चाँदीको कृत्रिम अभाव,"<a href=""https://ekantipur.com/business/2026/01/27/artificial-shortage-of-silver-in-the-nepali-market-57-51.html"" onclick=""gaEvent('Homepage Category','अर्थ / वाणिज्य','नेपाली बजारमा चाँदीको कृत्रिम अभाव');"">नेपाली बजारमा चाँदीको कृत्रिम अभाव</a>"
नेप्से घट्दा पनि १६.३५ अर्बको सेयर किनबेच,"<a href=""https://ekantipur.com/business/2026/01/27/shares-worth-rs-1635-billion-traded-despite-nepse-decline-53-04.html"" onclick=""gaEvent('Homepage Category','अर्थ / वाणिज्य','नेप्से घट्दा पनि १६.३५ अर्बको सेयर किनबेच');"">नेप्से घट्दा पनि १६.३५ अर्बको सेयर किनबेच</a>"
यस्तो छ आजका लागि निर्धारण गरिएको विदेशी मुद्राको विनिमयदर,"<a href=""https://ekantipur.com/business/2026/01/27/this-is-the-foreign-currency-exchange-rate-determined-for-today-01-45.html"" onclick=""gaEvent('Homepage Category','अर्थ / वाणिज्य','यस्तो छ आजका लागि निर्धारण गरिएको विदेशी मुद्राको विनिमयदर');"">यस्तो छ आजका लागि निर्धारण गरिएको विदेशी मुद्राको विनिमयदर</a>"
लिड्ससँग एभरटनको बराबरी,"<a href=""https://ekantipur.com/sports/2026/01/27/everton-draw-with-leeds-14-36.html"" onclick=""gaEvent('Homepage Category','खेलकुद','लिड्ससँग एभरटनको बराबरी');"">लिड्ससँग एभरटनको बराबरी</a>"
ललितपुर–२१ मा मेयर कप टेबलटेनिस हुने,"<a href=""https://ekantipur.com/sports/2026/01/27/mayors-cup-table-tennis-to-be-held-in-lalitpur-21-20-28.html"" onclick=""gaEvent('Homepage Category','खेलकुद','ललितपुर–२१ मा मेयर कप टेबलटेनिस हुने');"">ललितपुर–२१ मा मेयर कप टेबलटेनिस हुने</a>"
चिनियाँ नयाँ वर्षमा मैत्रीपूर्ण फुटबल हुने,"<a href=""https://ekantipur.com/sports/2026/01/27/friendly-football-to-be-held-during-chinese-new-year-19-03.html"" onclick=""gaEvent('Homepage Category','खेलकुद','चिनियाँ नयाँ वर्षमा मैत्रीपूर्ण फुटबल हुने');"">चिनियाँ नयाँ वर्षमा मैत्रीपूर्ण फुटबल हुने</a>"
सूर्य नेपाल एनपीजीए टुर बर्दिबासमा आजदेखि,"<a href=""https://ekantipur.com/sports/2026/01/27/surya-nepal-npga-tour-in-bardibas-from-today-16-05.html"" onclick=""gaEvent('Homepage Category','खेलकुद','सूर्य नेपाल एनपीजीए टुर बर्दिबासमा आजदेखि');"">सूर्य नेपाल एनपीजीए टुर बर्दिबासमा आजदेखि</a>"
सुदूरपश्चिम प्रादेशिक क्रिकेट टिम र एसपीएबीच तीनवर्षे प्रायोजन सम्झौता,"<a href=""https://ekantipur.com/sports/2026/01/26/three-year-sponsorship-agreement-between-sudurpaschim-provincial-cricket-team-and-spa-24-18.html"" onclick=""gaEvent('Homepage Category','खेलकुद','सुदूरपश्चिम प्रादेशिक क्रिकेट टिम र एसपीएबीच तीनवर्षे प्रायोजन सम्झौता');"">सुदूरपश्चिम प्रादेशिक क्रिकेट टिम र एसपीएबीच तीनवर्षे प्रायोजन सम्झौता</a>"
जिके पोखरेलको गीत ‘इन्दिरा’ सार्वजनिक,"<a href=""https://ekantipur.com/entertainment/2026/01/27/zk-pokharels-song-indira-released-12-38.html"" onclick=""gaEvent('Homepage Category','मनोरञ्जन','जिके पोखरेलको गीत ‘इन्दिरा’ सार्वजनिक');"">जिके पोखरेलको गीत ‘इन्दिरा’ सार्वजनिक</a>"
'बहुरिया'मा अधिकार खोज्ने सिता,"<a href=""https://ekantipur.com/entertainment/2026/01/26/sita-seeks-power-in-bahuriya-08-25.html"" onclick=""gaEvent('Homepage Category','मनोरञ्जन','\'बहुरिया\'मा अधिकार खोज्ने सिता');"">'बहुरिया'मा अधिकार खोज्ने सिता</a>"
"चलचित्रको विकास, विस्तार र प्रवर्द्धन हुने गरी कानून परिमार्जन हुँदैछ : मन्त्री सिन्हा","<a href=""https://ekantipur.com/entertainment/2026/01/26/laws-are-being-amended-to-develop-expand-and-promote-films-minister-sinha-50-57.html"" onclick=""gaEvent('Homepage Category','मनोरञ्जन','चलचित्रको विकास, विस्तार र प्रवर्द्धन हुने गरी कानून परिमार्जन हुँदैछ : मन्त्री सिन्हा');"">चलचित्रको विकास, विस्तार र प्रवर्द्धन हुने गरी कानून परिमार्जन हुँदैछ : मन्त्री सिन्हा</a>"
बक्स अफिसमा बाजी मार्यो गोबर गणेशले,"<a href=""https://ekantipur.com/entertainment/2026/01/26/balchi-leaving-behind-gifts-and-kindness-20-51.html"" onclick=""gaEvent('Homepage Category','मनोरञ्जन','बक्स अफिसमा बाजी मार्यो गोबर गणेशले');"">बक्स अफिसमा बाजी मार्यो गोबर गणेशले</a>"
"‘रमिताको पिरती’को ट्रेलरमा प्रेम, धोका","<a href=""https://ekantipur.com/entertainment/2026/01/26/love-betrayal-in-the-trailer-of-ramita-ko-pirati-03-17.html"" onclick=""gaEvent('Homepage Category','मनोरञ्जन','‘रमिताको पिरती’को ट्रेलरमा प्रेम, धोका');"">‘रमिताको पिरती’को ट्रेलरमा प्रेम, धोका</a>"
सकियो ‘इकोज इन द भ्याली– फेस्टिभल अफ म्युजिक’,"<a href=""https://ekantipur.com/entertainment/2026/01/25/echoes-in-the-valley-festival-of-music-ends-09-56.html"" onclick=""gaEvent('Homepage Category','मनोरञ्जन','सकियो ‘इकोज इन द भ्याली– फेस्टिभल अफ म्युजिक’');"">सकियो ‘इकोज इन द भ्याली– फेस्टिभल अफ म्युजिक’</a>"
इजिप्टमा बालबालिकाको सामाजिक सञ्जाल प्रयोगमा प्रतिबन्धको तयारी,"<a href=""https://ekantipur.com/world/2026/01/26/egypt-prepares-to-ban-childrens-use-of-social-media-43-29.html"" onclick=""gaEvent('Homepage Category','विश्व','इजिप्टमा बालबालिकाको सामाजिक सञ्जाल प्रयोगमा प्रतिबन्धको तयारी');"">इजिप्टमा बालबालिकाको सामाजिक सञ्जाल प्रयोगमा प्रतिबन्धको तयारी</a>"
मिनियापोलिस आन्दोलनले अमेरिकामा राजनीतिक संकट गहिरिदैं,"<a href=""https://ekantipur.com/world/2026/01/26/minneapolis-protests-deepen-political-crisis-in-america-24-55.html"" onclick=""gaEvent('Homepage Category','विश्व','मिनियापोलिस आन्दोलनले अमेरिकामा राजनीतिक संकट गहिरिदैं');"">मिनियापोलिस आन्दोलनले अमेरिकामा राजनीतिक संकट गहिरिदैं</a>"
अमेरिकामा हिमआँधीले १० लाखभन्दा बढी मानिस अन्धकारमा,"<a href=""https://ekantipur.com/world/2026/01/26/blizzard-leaves-more-than-a-million-people-in-the-dark-in-the-us-47-02.html"" onclick=""gaEvent('Homepage Category','विश्व','अमेरिकामा हिमआँधीले १० लाखभन्दा बढी मानिस अन्धकारमा');"">अमेरिकामा हिमआँधीले १० लाखभन्दा बढी मानिस अन्धकारमा</a>"
"फिलिपिन्समा डुंङगा दुर्घटनामा कम्तिमा १५ जनाको मृत्यु , २८ बेपत्ता","<a href=""https://ekantipur.com/world/2026/01/26/at-least-15-dead-28-missing-in-philippines-boat-accident-01-45.html"" onclick=""gaEvent('Homepage Category','विश्व','फिलिपिन्समा डुंङगा दुर्घटनामा कम्तिमा १५ जनाको मृत्यु , २८ बेपत्ता');"">फिलिपिन्समा डुंङगा दुर्घटनामा कम्तिमा १५ जनाको मृत्यु , २८ बेपत्ता</a>"
वरिष्ठ पत्रकार मार्क टलीको ९० वर्षको उमेरमा निधन,"<a href=""https://ekantipur.com/world/2026/01/25/veteran-journalist-mark-talley-dies-at-90-18-28.html"" onclick=""gaEvent('Homepage Category','विश्व','वरिष्ठ पत्रकार मार्क टलीको ९० वर्षको उमेरमा निधन');"">वरिष्ठ पत्रकार मार्क टलीको ९० वर्षको उमेरमा निधन</a>"
"५२ प्रतिशत मतदाता युवा, उम्मेदवार भने ३१ प्रतिशत","<a href=""https://ekantipur.com/feature/2026/01/25/52-percent-of-voters-are-young-31-percent-of-candidates-are-young-46-35.html"" onclick=""gaEvent('Homepage Category','फिचर','५२ प्रतिशत मतदाता युवा, उम्मेदवार भने ३१ प्रतिशत');"">५२ प्रतिशत मतदाता युवा, उम्मेदवार भने ३१ प्रतिशत</a>"
दृष्टि फर्कँदा नाचगान गरेर खुसियाली,"<a href=""https://ekantipur.com/feature/2026/01/24/when-you-regain-your-sight-you-dance-and-sing-happily-06-29.html"" onclick=""gaEvent('Homepage Category','फिचर','दृष्टि फर्कँदा नाचगान गरेर खुसियाली');"">दृष्टि फर्कँदा नाचगान गरेर खुसियाली</a>"
धानसँगै फल्यो नाम र दाम,"<a href=""https://ekantipur.com/feature/2026/01/22/fame-and-fortune-grew-along-with-rice-46-26.html"" onclick=""gaEvent('Homepage Category','फिचर','धानसँगै फल्यो नाम र दाम');"">धानसँगै फल्यो नाम र दाम</a>"
शिक्षामा जनता माविको सान,"<a href=""https://ekantipur.com/feature/2026/01/22/janata-mavis-reputation-in-education-07-14.html"" onclick=""gaEvent('Homepage Category','फिचर','शिक्षामा जनता माविको सान');"">शिक्षामा जनता माविको सान</a>"
त्रिशूलीमा बस तानिरहेका ‘टायर कान्छा’,"<a href=""https://ekantipur.com/feature/2026/01/22/tire-is-small-49-47.html"" onclick=""gaEvent('Homepage Category','फिचर','त्रिशूलीमा बस तानिरहेका ‘टायर कान्छा’');"">त्रिशूलीमा बस तानिरहेका ‘टायर कान्छा’</a>"
बडघर छान्न व्यस्त थारु बस्ती,"<a href=""https://ekantipur.com/feature/2026/01/16/rush-to-choose-a-house-in-tharu-settlement-34-10.html"" onclick=""gaEvent('Homepage Category','फिचर','बडघर छान्न व्यस्त थारु बस्ती');"">बडघर छान्न व्यस्त थारु बस्ती</a>"
मर्मतपछि काठमाडौं महानगरका सार्वजनिक कुर्सी यथावत् स्थानमै राखिँदै,"<a href=""https://ekantipur.com/national/2026/01/26/kathmandu-metropolitan-citys-public-chairs-are-being-kept-in-their-original-locations-after-repairs-07-06.html"" onclick=""gaEvent('Homepage Category','उपत्यका','मर्मतपछि काठमाडौं महानगरका सार्वजनिक कुर्सी यथावत् स्थानमै राखिँदै');"">मर्मतपछि काठमाडौं महानगरका सार्वजनिक कुर्सी यथावत् स्थानमै राखिँदै</a>"
काठमाडौंका दुई स्थानबाट ब्राउनसुगरसहित ४ जना पक्राउ,"<a href=""https://ekantipur.com/national/2026/01/26/4-people-arrested-with-brown-sugar-from-two-locations-in-kathmandu-52-48.html"" onclick=""gaEvent('Homepage Category','उपत्यका','काठमाडौंका दुई स्थानबाट ब्राउनसुगरसहित ४ जना पक्राउ');"">काठमाडौंका दुई स्थानबाट ब्राउनसुगरसहित ४ जना पक्राउ</a>"
बाल सुधारगृहमा आगजनी र तोडफोड : सबै बालबिज्याइँकर्तालाई अन्यत्रै सारियो,"<a href=""https://ekantipur.com/national/2026/01/23/arson-and-vandalism-at-juvenile-correctional-home-all-juveniles-transferred-elsewhere-44-22.html"" onclick=""gaEvent('Homepage Category','उपत्यका','बाल सुधारगृहमा आगजनी र तोडफोड : सबै बालबिज्याइँकर्तालाई अन्यत्रै सारियो');"">बाल सुधारगृहमा आगजनी र तोडफोड : सबै बालबिज्याइँकर्तालाई अन्यत्रै सारियो</a>"
"भक्तपुरको बालसुधार गृहभित्र झडप, ८ जना घाइते","<a href=""https://ekantipur.com/national/2026/01/23/clashes-inside-bhaktapurs-juvenile-correctional-home-8-injured-58-19.html"" onclick=""gaEvent('Homepage Category','उपत्यका','भक्तपुरको बालसुधार गृहभित्र झडप, ८ जना घाइते');"">भक्तपुरको बालसुधार गृहभित्र झडप, ८ जना घाइते</a>"
नदीको दायाँबायाँ गरिएको निर्माण रोक्का महानगरपालिकाबाट फुकुवा ,"<a href=""https://ekantipur.com/national/2026/01/21/construction-on-both-sides-of-the-river-has-been-suspended-by-the-metropolitan-municipality-01-06.html"" onclick=""gaEvent('Homepage Category','उपत्यका','नदीको दायाँबायाँ गरिएको निर्माण रोक्का महानगरपालिकाबाट फुकुवा ');"">नदीको दायाँबायाँ गरिएको निर्माण रोक्का महानगरपालिकाबाट फुकुवा </a>"
उपत्यकाका सार्वजनिक सवारीसाधनमा सीसी क्यामरा जडान सुरु,"<a href=""https://ekantipur.com/national/2026/01/21/installation-of-cctv-cameras-in-public-vehicles-in-the-kathmandu-valley-begins-48-08.html"" onclick=""gaEvent('Homepage Category','उपत्यका','उपत्यकाका सार्वजनिक सवारीसाधनमा सीसी क्यामरा जडान सुरु');"">उपत्यकाका सार्वजनिक सवारीसाधनमा सीसी क्यामरा जडान सुरु</a>"
प्रतिनिधिसभा निर्वाचन २०८२,
घोषणापत्रको मूल एजेन्डा : सुशासन र भ्रष्टाचार नियन्त्रण,"<a href=""https://ekantipur.com/opinion/2026/01/27/main-agenda-of-the-manifesto-good-governance-and-corruption-control-30-27.html"" onclick=""gaEvent('Kantipur Oped in Homepage','Clicked','घोषणापत्रको मूल एजेन्डा : सुशासन र भ्रष्टाचार नियन्त्रण');"">घोषणापत्रको मूल एजेन्डा : सुशासन र भ्रष्टाचार नियन्त्रण</a>"
राष्ट्रिय सभाको गरिमा जोगाउने समय,"<a href=""https://ekantipur.com/opinion/2026/01/27/time-to-protect-the-dignity-of-the-national-assembly-18-46.html"" onclick=""gaEvent('Kantipur Oped in Homepage','Clicked','राष्ट्रिय सभाको गरिमा जोगाउने समय');"">राष्ट्रिय सभाको गरिमा जोगाउने समय</a>"
घोषणापत्रमा आप्रवासनको मुद्दा,"<a href=""https://ekantipur.com/opinion/2026/01/27/the-issue-of-immigration-in-the-manifesto-21-47.html"" onclick=""gaEvent('Kantipur Oped in Homepage','Clicked','घोषणापत्रमा आप्रवासनको मुद्दा');"">घोषणापत्रमा आप्रवासनको मुद्दा</a>"
राजनीतिक चेतको सदुपयोग गर्ने समय,"<a href=""https://ekantipur.com/opinion/2026/01/27/time-to-make-good-use-of-political-awareness-24-00.html"" onclick=""gaEvent('Kantipur Oped in Homepage','Clicked','राजनीतिक चेतको सदुपयोग गर्ने समय');"">राजनीतिक चेतको सदुपयोग गर्ने समय</a>"
कान्तिपुरका स्तम्भहरु,
हाम्रा अन्य प्रकाशनहरु,
